{
	"info": {
		"_postman_id": "d86e5f32-8088-4b97-87ae-25b1b4d1f1c3",
		"name": "Home Services API",
		"description": "API collection for Home Services booking platform",
		"schema": "https://schema.getpostman.com/json/collection/v2.1.0/collection.json"
	},
	"item": [
		{
			"name": "Authentication",
			"item": [
				{
					"name": "Register",
					"request": {
						"method": "POST",
						"header": [
							{
								"key": "Content-Type",
								"value": "application/json"
							}
						],
						"body": {
							"mode": "raw",
							"raw": "{\n    \"firstName\": \"John\",\n    \"lastName\": \"Doe\",\n    \"email\": \"john.doe@example.com\",\n    \"password\": \"password123\",\n    \"phone\": \"1234567890\",\n    \"address\": \"123 Main St, City, Country\"\n}"
						},
						"url": {
							"raw": "{{baseUrl}}/auth/signup",
							"host": [
								"{{baseUrl}}"
							],
							"path": [
								"auth",
								"signup"
							]
						},
						"description": "Register a new user"
					},
					"response": []
				},
				{
					"name": "Login",
					"request": {
						"method": "POST",
						"header": [
							{
								"key": "Content-Type",
								"value": "application/json"
							}
						],
						"body": {
							"mode": "raw",
							"raw": "{\n    \"email\": \"john.doe@example.com\",\n    \"password\": \"password123\"\n}"
						},
						"url": {
							"raw": "{{baseUrl}}/auth/signin",
							"host": [
								"{{baseUrl}}"
							],
							"path": [
								"auth",
								"signin"
							]
						},
						"description": "Sign in and get JWT token"
					},
					"response": []
				}
			],
			"description": "Authentication related endpoints"
		},
		{
			"name": "Categories",
			"item": [
				{
					"name": "Get All Categories",
					"request": {
						"method": "GET",
						"header": [],
						"url": {
							"raw": "{{baseUrl}}/categories",
							"host": [
								"{{baseUrl}}"
							],
							"path": [
								"categories"
							]
						},
						"description": "Get all service categories"
					},
					"response": []
				},
				{
					"name": "Get Category By ID",
					"request": {
						"method": "GET",
						"header": [],
						"url": {
							"raw": "{{baseUrl}}/categories/1",
							"host": [
								"{{baseUrl}}"
							],
							"path": [
								"categories",
								"1"
							]
						},
						"description": "Get a specific category by ID"
					},
					"response": []
				},
				{
					"name": "Create Category",
					"request": {
						"auth": {
							"type": "bearer",
							"bearer": [
								{
									"key": "token",
									"value": "{{jwtToken}}",
									"type": "string"
								}
							]
						},
						"method": "POST",
						"header": [
							{
								"key": "Content-Type",
								"value": "application/json"
							}
						],
						"body": {
							"mode": "raw",
							"raw": "{\n    \"name\": \"Cleaning\",\n    \"description\": \"Home cleaning services\",\n    \"imageUrl\": \"https://example.com/images/cleaning.jpg\"\n}"
						},
						"url": {
							"raw": "{{baseUrl}}/categories",
							"host": [
								"{{baseUrl}}"
							],
							"path": [
								"categories"
							]
						},
						"description": "Create a new service category (admin only)"
					},
					"response": []
				},
				{
					"name": "Update Category",
					"request": {
						"auth": {
							"type": "bearer",
							"bearer": [
								{
									"key": "token",
									"value": "{{jwtToken}}",
									"type": "string"
								}
							]
						},
						"method": "PUT",
						"header": [
							{
								"key": "Content-Type",
								"value": "application/json"
							}
						],
						"body": {
							"mode": "raw",
							"raw": "{\n    \"name\": \"House Cleaning\",\n    \"description\": \"Professional home cleaning services\",\n    \"imageUrl\": \"https://example.com/images/house-cleaning.jpg\"\n}"
						},
						"url": {
							"raw": "{{baseUrl}}/categories/1",
							"host": [
								"{{baseUrl}}"
							],
							"path": [
								"categories",
								"1"
							]
						},
						"description": "Update an existing category (admin only)"
					},
					"response": []
				},
				{
					"name": "Delete Category",
					"request": {
						"auth": {
							"type": "bearer",
							"bearer": [
								{
									"key": "token",
									"value": "{{jwtToken}}",
									"type": "string"
								}
							]
						},
						"method": "DELETE",
						"header": [],
						"url": {
							"raw": "{{baseUrl}}/categories/1",
							"host": [
								"{{baseUrl}}"
							],
							"path": [
								"categories",
								"1"
							]
						},
						"description": "Delete a category (admin only)"
					},
					"response": []
				}
			],
			"description": "Service Categories endpoints"
		},
		{
			"name": "Services",
			"item": [
				{
					"name": "Get All Services",
					"request": {
						"method": "GET",
						"header": [],
						"url": {
							"raw": "{{baseUrl}}/services",
							"host": [
								"{{baseUrl}}"
							],
							"path": [
								"services"
							]
						},
						"description": "Get all services"
					},
					"response": []
				},
				{
					"name": "Get Service By ID",
					"request": {
						"method": "GET",
						"header": [],
						"url": {
							"raw": "{{baseUrl}}/services/1",
							"host": [
								"{{baseUrl}}"
							],
							"path": [
								"services",
								"1"
							]
						},
						"description": "Get a specific service by ID"
					},
					"response": []
				},
				{
					"name": "Get Services By Category",
					"request": {
						"method": "GET",
						"header": [],
						"url": {
							"raw": "{{baseUrl}}/services/category/1",
							"host": [
								"{{baseUrl}}"
							],
							"path": [
								"services",
								"category",
								"1"
							]
						},
						"description": "Get all services for a specific category"
					},
					"response": []
				},
				{
					"name": "Create Service",
					"request": {
						"auth": {
							"type": "bearer",
							"bearer": [
								{
									"key": "token",
									"value": "{{jwtToken}}",
									"type": "string"
								}
							]
						},
						"method": "POST",
						"header": [
							{
								"key": "Content-Type",
								"value": "application/json"
							}
						],
						"body": {
							"mode": "raw",
							"raw": "{\n    \"name\": \"Regular Cleaning\",\n    \"description\": \"Standard home cleaning service\",\n    \"price\": 99.99,\n    \"durationMinutes\": 120,\n    \"imageUrl\": \"https://example.com/images/regular-cleaning.jpg\",\n    \"categoryId\": 1\n}"
						},
						"url": {
							"raw": "{{baseUrl}}/services",
							"host": [
								"{{baseUrl}}"
							],
							"path": [
								"services"
							]
						},
						"description": "Create a new service (admin or service provider only)"
					},
					"response": []
				},
				{
					"name": "Update Service",
					"request": {
						"auth": {
							"type": "bearer",
							"bearer": [
								{
									"key": "token",
									"value": "{{jwtToken}}",
									"type": "string"
								}
							]
						},
						"method": "PUT",
						"header": [
							{
								"key": "Content-Type",
								"value": "application/json"
							}
						],
						"body": {
							"mode": "raw",
							"raw": "{\n    \"name\": \"Premium Cleaning\",\n    \"description\": \"Deluxe home cleaning service with extra attention to details\",\n    \"price\": 149.99,\n    \"durationMinutes\": 180,\n    \"imageUrl\": \"https://example.com/images/premium-cleaning.jpg\",\n    \"categoryId\": 1\n}"
						},
						"url": {
							"raw": "{{baseUrl}}/services/1",
							"host": [
								"{{baseUrl}}"
							],
							"path": [
								"services",
								"1"
							]
						},
						"description": "Update an existing service (admin or service provider only)"
					},
					"response": []
				},
				{
					"name": "Delete Service",
					"request": {
						"auth": {
							"type": "bearer",
							"bearer": [
								{
									"key": "token",
									"value": "{{jwtToken}}",
									"type": "string"
								}
							]
						},
						"method": "DELETE",
						"header": [],
						"url": {
							"raw": "{{baseUrl}}/services/1",
							"host": [
								"{{baseUrl}}"
							],
							"path": [
								"services",
								"1"
							]
						},
						"description": "Delete a service (admin or service provider only)"
					},
					"response": []
				}
			],
			"description": "Services endpoints"
		},
		{
			"name": "Bookings",
			"item": [
				{
					"name": "Get User Bookings",
					"request": {
						"auth": {
							"type": "bearer",
							"bearer": [
								{
									"key": "token",
									"value": "{{jwtToken}}",
									"type": "string"
								}
							]
						},
						"method": "GET",
						"header": [],
						"url": {
							"raw": "{{baseUrl}}/bookings",
							"host": [
								"{{baseUrl}}"
							],
							"path": [
								"bookings"
							]
						},
						"description": "Get all bookings for the current user"
					},
					"response": []
				},
				{
					"name": "Get All Bookings",
					"request": {
						"auth": {
							"type": "bearer",
							"bearer": [
								{
									"key": "token",
									"value": "{{jwtToken}}",
									"type": "string"
								}
							]
						},
						"method": "GET",
						"header": [],
						"url": {
							"raw": "{{baseUrl}}/bookings/all",
							"host": [
								"{{baseUrl}}"
							],
							"path": [
								"bookings",
								"all"
							]
						},
						"description": "Get all bookings (admin or service provider only)"
					},
					"response": []
				},
				{
					"name": "Get Booking By ID",
					"request": {
						"auth": {
							"type": "bearer",
							"bearer": [
								{
									"key": "token",
									"value": "{{jwtToken}}",
									"type": "string"
								}
							]
						},
						"method": "GET",
						"header": [],
						"url": {
							"raw": "{{baseUrl}}/bookings/1",
							"host": [
								"{{baseUrl}}"
							],
							"path": [
								"bookings",
								"1"
							]
						},
						"description": "Get a specific booking by ID"
					},
					"response": []
				},
				{
					"name": "Create Booking",
					"request": {
						"auth": {
							"type": "bearer",
							"bearer": [
								{
									"key": "token",
									"value": "{{jwtToken}}",
									"type": "string"
								}
							]
						},
						"method": "POST",
						"header": [
							{
								"key": "Content-Type",
								"value": "application/json"
							}
						],
						"body": {
							"mode": "raw",
							"raw": "{\n    \"serviceId\": 1,\n    \"bookingDateTime\": \"2023-12-25T10:00:00\",\n    \"address\": \"123 Main St, City, Country\",\n    \"specialInstructions\": \"Please bring eco-friendly cleaning products\"\n}"
						},
						"url": {
							"raw": "{{baseUrl}}/bookings",
							"host": [
								"{{baseUrl}}"
							],
							"path": [
								"bookings"
							]
						},
						"description": "Create a new booking"
					},
					"response": []
				},
				{
					"name": "Update Booking Status",
					"request": {
						"auth": {
							"type": "bearer",
							"bearer": [
								{
									"key": "token",
									"value": "{{jwtToken}}",
									"type": "string"
								}
							]
						},
						"method": "PUT",
						"header": [],
						"url": {
							"raw": "{{baseUrl}}/bookings/1/status?status=CONFIRMED",
							"host": [
								"{{baseUrl}}"
							],
							"path": [
								"bookings",
								"1",
								"status"
							],
							"query": [
								{
									"key": "status",
									"value": "CONFIRMED"
								}
							]
						},
						"description": "Update booking status (admin or service provider only)"
					},
					"response": []
				},
				{
					"name": "Cancel Booking",
					"request": {
						"auth": {
							"type": "bearer",
							"bearer": [
								{
									"key": "token",
									"value": "{{jwtToken}}",
									"type": "string"
								}
							]
						},
						"method": "DELETE",
						"header": [],
						"url": {
							"raw": "{{baseUrl}}/bookings/1",
							"host": [
								"{{baseUrl}}"
							],
							"path": [
								"bookings",
								"1"
							]
						},
						"description": "Cancel a booking"
					},
					"response": []
				}
			],
			"description": "Bookings endpoints"
		},
		{
			"name": "Payments",
			"item": [
				{
					"name": "Get User Payments",
					"request": {
						"auth": {
							"type": "bearer",
							"bearer": [
								{
									"key": "token",
									"value": "{{jwtToken}}",
									"type": "string"
								}
							]
						},
						"method": "GET",
						"header": [],
						"url": {
							"raw": "{{baseUrl}}/payments",
							"host": [
								"{{baseUrl}}"
							],
							"path": [
								"payments"
							]
						},
						"description": "Get all payments for the current user"
					},
					"response": []
				},
				{
					"name": "Get All Payments",
					"request": {
						"auth": {
							"type": "bearer",
							"bearer": [
								{
									"key": "token",
									"value": "{{jwtToken}}",
									"type": "string"
								}
							]
						},
						"method": "GET",
						"header": [],
						"url": {
							"raw": "{{baseUrl}}/payments/all",
							"host": [
								"{{baseUrl}}"
							],
							"path": [
								"payments",
								"all"
							]
						},
						"description": "Get all payments (admin only)"
					},
					"response": []
				},
				{
					"name": "Get Payment By ID",
					"request": {
						"auth": {
							"type": "bearer",
							"bearer": [
								{
									"key": "token",
									"value": "{{jwtToken}}",
									"type": "string"
								}
							]
						},
						"method": "GET",
						"header": [],
						"url": {
							"raw": "{{baseUrl}}/payments/1",
							"host": [
								"{{baseUrl}}"
							],
							"path": [
								"payments",
								"1"
							]
						},
						"description": "Get a specific payment by ID"
					},
					"response": []
				},
				{
					"name": "Get Payment By Booking ID",
					"request": {
						"auth": {
							"type": "bearer",
							"bearer": [
								{
									"key": "token",
									"value": "{{jwtToken}}",
									"type": "string"
								}
							]
						},
						"method": "GET",
						"header": [],
						"url": {
							"raw": "{{baseUrl}}/payments/booking/1",
							"host": [
								"{{baseUrl}}"
							],
							"path": [
								"payments",
								"booking",
								"1"
							]
						},
						"description": "Get payment for a specific booking"
					},
					"response": []
				},
				{
					"name": "Process Payment",
					"request": {
						"auth": {
							"type": "bearer",
							"bearer": [
								{
									"key": "token",
									"value": "{{jwtToken}}",
									"type": "string"
								}
							]
						},
						"method": "POST",
						"header": [
							{
								"key": "Content-Type",
								"value": "application/json"
							}
						],
						"body": {
							"mode": "raw",
							"raw": "{\n    \"bookingId\": 1,\n    \"paymentMethod\": \"CREDIT_CARD\",\n    \"cardNumber\": \"4111111111111111\",\n    \"cardHolderName\": \"John Doe\",\n    \"expirationDate\": \"12/25\",\n    \"cvv\": \"123\"\n}"
						},
						"url": {
							"raw": "{{baseUrl}}/payments",
							"host": [
								"{{baseUrl}}"
							],
							"path": [
								"payments"
							]
						},
						"description": "Process a payment for a booking"
					},
					"response": []
				},
				{
					"name": "Update Payment Status",
					"request": {
						"auth": {
							"type": "bearer",
							"bearer": [
								{
									"key": "token",
									"value": "{{jwtToken}}",
									"type": "string"
								}
							]
						},
						"method": "PUT",
						"header": [],
						"url": {
							"raw": "{{baseUrl}}/payments/1/status?status=COMPLETED",
							"host": [
								"{{baseUrl}}"
							],
							"path": [
								"payments",
								"1",
								"status"
							],
							"query": [
								{
									"key": "status",
									"value": "COMPLETED"
								}
							]
						},
						"description": "Update payment status (admin only)"
					},
					"response": []
				}
			],
			"description": "Payments endpoints"
		},
		{
			"name": "Reviews",
			"item": [
				{
					"name": "Get All Reviews",
					"request": {
						"method": "GET",
						"header": [],
						"url": {
							"raw": "{{baseUrl}}/reviews",
							"host": [
								"{{baseUrl}}"
							],
							"path": [
								"reviews"
							]
						},
						"description": "Get all reviews"
					},
					"response": []
				},
				{
					"name": "Get Reviews By Service",
					"request": {
						"method": "GET",
						"header": [],
						"url": {
							"raw": "{{baseUrl}}/reviews/service/1",
							"host": [
								"{{baseUrl}}"
							],
							"path": [
								"reviews",
								"service",
								"1"
							]
						},
						"description": "Get all reviews for a specific service"
					},
					"response": []
				},
				{
					"name": "Get User Reviews",
					"request": {
						"auth": {
							"type": "bearer",
							"bearer": [
								{
									"key": "token",
									"value": "{{jwtToken}}",
									"type": "string"
								}
							]
						},
						"method": "GET",
						"header": [],
						"url": {
							"raw": "{{baseUrl}}/reviews/user",
							"host": [
								"{{baseUrl}}"
							],
							"path": [
								"reviews",
								"user"
							]
						},
						"description": "Get all reviews by the current user"
					},
					"response": []
				},
				{
					"name": "Create Review",
					"request": {
						"auth": {
							"type": "bearer",
							"bearer": [
								{
									"key": "token",
									"value": "{{jwtToken}}",
									"type": "string"
								}
							]
						},
						"method": "POST",
						"header": [
							{
								"key": "Content-Type",
								"value": "application/json"
							}
						],
						"body": {
							"mode": "raw",
							"raw": "{\n    \"serviceId\": 1,\n    \"rating\": 5,\n    \"comment\": \"Excellent service! Very professional and thorough cleaning.\"\n}"
						},
						"url": {
							"raw": "{{baseUrl}}/reviews",
							"host": [
								"{{baseUrl}}"
							],
							"path": [
								"reviews"
							]
						},
						"description": "Create a new review"
					},
					"response": []
				},
				{
					"name": "Update Review",
					"request": {
						"auth": {
							"type": "bearer",
							"bearer": [
								{
									"key": "token",
									"value": "{{jwtToken}}",
									"type": "string"
								}
							]
						},
						"method": "PUT",
						"header": [
							{
								"key": "Content-Type",
								"value": "application/json"
							}
						],
						"body": {
							"mode": "raw",
							"raw": "{\n    \"serviceId\": 1,\n    \"rating\": 4,\n    \"comment\": \"Very good service, but they were a bit late.\"\n}"
						},
						"url": {
							"raw": "{{baseUrl}}/reviews/1",
							"host": [
								"{{baseUrl}}"
							],
							"path": [
								"reviews",
								"1"
							]
						},
						"description": "Update an existing review"
					},
					"response": []
				},
				{
					"name": "Delete Review",
					"request": {
						"auth": {
							"type": "bearer",
							"bearer": [
								{
									"key": "token",
									"value": "{{jwtToken}}",
									"type": "string"
								}
							]
						},
						"method": "DELETE",
						"header": [],
						"url": {
							"raw": "{{baseUrl}}/reviews/1",
							"host": [
								"{{baseUrl}}"
							],
							"path": [
								"reviews",
								"1"
							]
						},
						"description": "Delete a review"
					},
					"response": []
				}
			],
			"description": "Reviews endpoints"
		}
	],
	"event": [
		{
			"listen": "prerequest",
			"script": {
				"type": "text/javascript",
				"exec": [
					""
				]
			}
		},
		{
			"listen": "test",
			"script": {
				"type": "text/javascript",
				"exec": [
					""
				]
			}
		}
	],
	"variable": [
		{
			"key": "baseUrl",
			"value": "http://localhost:8080/api",
			"type": "string"
		},
		{
			"key": "jwtToken",
			"value": "",
			"type": "string"
		}
	]
}